.NET,
SOAP,
WSDL,
AWS,
Lucene,
Junit,
Test,
Mockito,
Junit-test,
ActionScript,
Ada,
Adenine,
Agda,
VEE,
Agora,
AIMMS,
Alef,
ALF,
AppleScript,
Arc,
ARexx,
Argus,
AspectJ,
Assembly,
Angular,
Angularjs,
Angular.js,
React,
Reactjs,
React.js,
GraphQL,
Vue,
Vuejs,
Vue.js,
Bootstrap,
Node,
Node.js
Nodejs,
HTML,
css,
scss,
Front-End,
Front.End,
Front_End,
Back-End,
Back.End,
Back_End,
Full-Stack,
Full_Stack,
Full.Stack,
System_administrator,
System-administrator,
System,
admin,
System_admin,
System-admin,
Linux,
ASP.NET,
JS,
MacOs,
Android,
App,
ATS,
Gradle,
Maven,
Git,
AutoHotkey,
Autocoder,
AutoIt,
Averest,
DevOps,
AWK,
Axum,
bc,
BCPL,
BeanShell,
Batch,
Bertrand,
bash,
ksh,
BREW,
BPEL,
C,
C--,
C++,
C#,
C/AL,
Caml,
Candle,
Cayenne,
CDuce,
Cecil,
Cel,
Cesil,
Ceylon,
CFEngine,
CHAIN,
Charity,
Charm,
Chef,
CHILL,
CHIP-8,
Clipper,
CLIST,
Clojure,
CLU,
CMS-2,
COBOL,
Cobra,
CoffeeScript,
COMAL,
COMIT,
COMPASS,
Converge,
Csound,
CUDA,
Curl,
Curry,
Cyclone,
Cython,
DASL,
Dart,
DataFlex,
Datalog,
DATATRIEVE,
dBase,
Deesel,
Delphi,
DCL,
DinkC,
DIBOL,
Dog,
Draco,
DRAKON,
Dylan,
DYNAMO,
ECMAScript,
EGL,
Eiffel,
ELAN,
Elixir,
Elm,
Emerald,
Epigram,
EPL,
Erlang,
es,
Escapade,
Escher,
ESPOL,
Esterel,
Etoys,
Euclid,
Euler,
Euphoria,
Falcon,
Fancy,
Fantom,
FAUST,
Felix,
Ferite,
FOIL,
FORMAC,
@Formula,
Fortran,
Fortress,
FoxBase,
FoxPro,
F-Script,
FSProg,
Spring,
Hibernate,
REST,
J2EE,
JDBC
GAMS,
G-code,
Genie,
GDL,
Gibiane,
GJ,
GEORGE,
GLSL,
GM,
Go,
Go!,
Gödel,
Godiva,
Gosu,
GOTRAN,
GPSS,
GraphTalk,
GRASS,
Groovy,
HLSL,
Hop,
Hugo,
Hume,
HyperTalk,
ICI,
Icon,
Id,
IDL,
Idris,
IMP,
Inform,
Io,
Ioke,
IPL,
IPTSCRAE,
ISLISP,
ISPF,
ISWIM,
JADE,
Jako,
JAL,
Janus,
JASS,
Java,
JavaScript,
JCL,
JEAN,
JOSS,
Joule,
JOVIAL,
Joy,
JScript,
Julia,
Jython,
Karel,
Karel++,
KEE,
Kixtart,
KIF,
Kojo,
Kotlin,
KRC,
KRL,
KUKA,
KRYPTON,
ksh,
LabVIEW,
Ladder,
Lagoona,
LANSA,
Lasso,
LaTeX,
Lava,
LC-3,
Leda,
Legoscript,
LIL,
LilyPond,
Limbo,
Limnor,
LINC,
Lingo,
Linoleum,
LIS,
LISA,
Lisaac,
Lisp,
Lite-C,
Lithe,
Logo,
Logtalk,
LPC,
LSE,
LSL,
LiveCode,
LiveScript,
Lua,
Lucid,
Lustre,
LYaPAS,
Lynx,
M2001,
M4,
MAD/I,
Magik,
Magma,
Maple,
MAPPER,
MARK-IV,
Mary,
Mathematica,
MATLAB,
Maxima,
Macsyma,
Max,
MaxScript,
MDL,
Mercury,
Mesa,
Metacard,
Metafont,
MetaL,
Microcode,
MicroScript,
MIIS,
MillScript,
MIMIC,
Mirah,
Miranda,
Modelica,
Modula,
Modula-2,
Modula-3,
Mohol,
MOO,
Mortran,
Mouse,
MPD,
CIL,
MSL,
MUMPS,
NASM,
Napier88,
Neko,
Nemerle,
nesC,
NESL,
Net.Data,
NetLogo,
NetRexx,
NewLISP,
NEWP,
Newspeak,
NewtonScript,
NGL,
Nial,
Nickle,
NPL,
NSIS,
JSF,
HTML5,
CSS3,
JQuery,
RESTful,
XSLT,
Redux
JAXB,
Nu,
NWScript,
NXT-G,
o:XML,
XML,
Oak,
Oberon,
Obix,
OBJ2,
ObjectLOGO,
Objective-C,
Objective-J,
Obliq,
Obol,
OCaml,
occam,
occam-π,
Octave,
OmniMark,
Onyx,
Opa,
Opal,
OpenCL,
OpenEdge,
ABL,
OPL,
OPS5,
OptimJ,
Orc,
ORCA/Modula-2,
Oriel,
Orwell,
Oxygene,
Oz,
P#,
PARI/GP,
Pascal,
Pawn,
PCASTL,
PCF,
PEARL,
PeopleCode,
Perl,
PDL,
PHP,
Phrogram,
Pico,
Picolisp,
Pict,
Pike,
PIKT,
PILOT,
Pipelines,
Pizza,
Planner,
PLEX,
PLEXIL,
POP-11,
PostScript,
PortablE,
Powerhouse,
PowerBuilder,
PowerShell,
PPL,
Processing.js,
Prograph,
PROIV,
Prolog,
PROMAL,
Promela,
PROTEL,
ProvideX,
Pro*C,
Python,
QtScript,
QuakeC,
QPL,
R,
R++,
Racket,
RAPID,
Rapira,
Ratfiv,
Ratfor,
REBOL,
Redcode,
REFAL,
Reia,
Revolution,
rex,
REXX,
Rlab,
RobotC,
ROOP,
RPG,
RPL,
RSL,
RTL/2,
Ruby,
RuneScript,
Rust,
S-Lang,
S-PLUS,
SA-C,
SabreTalk,
SAIL,
SALSA,
SAM76,
SAS,
SASL,
Sather,
Sawzall,
SBL,
Scala,
Scheme,
Scilab,
Scratch,
Script.NET,
Sed,
Seed7,
Self,
SenseTalk,
SequenceL,
SETL,
SIMPOL,
Shakespeare,
SIGNAL,
SIMSCRIPT,
Simula,
Simulink,
SISAL,
SLIP,
Smalltalk,
SML,
Snap!,
SNOBOL,
SPITBOL,
Snowball,
SOL,
SPARK,
SPIN,
SP/k,
SPS,
Squeak,
Squirrel,
SR,
S/SL,
Starlogo,
Strand,
Stata,
Stateflow,
Subtext,
SuperCollider,
SuperTalk,
Swift,
SYMPL,
SyncCharts,
SystemVerilog,
TACL,
TACPOL,
TADS,
TAL,
Tcl,
Tea,
TECO,
TELCOMP,
TeX,
TEX,
TIE,
Timber,
TMG,
Tom,
TOM,
Topspeed,
TPU,
Trac,
TTM,
T-SQL,
SQL,
MySQL,
Postgre-SQL,
Postgres,
Postgre,
Oracle,
MS-SQL,
HBase,
Cassandra,
Mongodb
TTCN,
Turing,
TUTOR,
TXL,
TypeScript,
Ubercode,
Umple,
Unicon,
Uniface,
UNITY,
UnrealScript,
Vala,
VBA,
VBScript,
Verilog,
VHDL,
VSXu,
Vvvv,
WebDNA,
WebQL,
Winbatch,
Front,
Back,
Unix,
TCP,
IP,
UDP,
Driver,
Wolfram,
Wyvern,
X++,
X#,
X10,
XBL,
XC,
xHarbour,
XL,
Xojo,
XOTcl,
XPL,
XPL0,
XQuery,
XSB,
XSLT,
XPath,
Xtend,
Yorick,
YQL,
Zeno,
ZOPL,
ZPL,